target_label,RNA only,ATAC LSI only,RNA PCA + ATAC LSI concat,GW: ATAC geometry,FGW: ATAC geometry + gene activity,FGW: RNA geometry + gene activity,FGW / cross-modal geometry
SMARCE1 KO,0.0059478959446331,1.9356004604858503,0.004675456652679817,0.002354402210833826,0.0005233674035857941,0.0006141127269187636,0.0017221241648190666
YY1 KO,0.0222934347655148,14.825610276325191,0.023514414821380863,0.03665353853071834,0.01971030431327502,0.025518032710265683,0.01542684814570659
DMAP1 KO,0.0048703446202798,1.7510239235421665,0.004119007606318583,0.0021531386015685313,0.0002038016272690688,0.0009707804510510564,0.0006136889652978289
EZH2 KO,0.0081116169400022,5.9382051303695595,0.01143392363236292,0.012084878966258612,0.006070630154395886,0.012337068259566195,0.00804984827537796
EP400 KO,0.0033651023670491,2.327781554390069,0.0032195256509841346,0.002450773176312451,0.0005791723932732483,0.002180878521754679,0.000279045747312601
SUZ12 KO,0.0046548569166332,7.308294015547733,0.00750599613564336,0.010748118822364386,0.004258291509732612,0.008749526723605565,0.011877540488126092
ACTL6A KO,0.0090576967037879,2.704682837854777,0.008056679805254872,0.0013645950176019632,0.0005475193293941503,0.0047173395510421235,0.004707445908618622
SMARCB1 KO,0.0029816763914795,2.470274028187419,0.0027171910277452678,0.0007473131296062814,0.0005142414590242397,0.0012348844243579165,0.0002571035930399318
SMARCA4 KO,0.0022457821647,2.176242753922752,0.0027459219424817486,0.0009616498211561541,0.0005560791431001769,0.0007640093706601179,0.00044625603800377864
